<?xml version="1.0" encoding="UTF-8" ?>
<!DOCTYPE mapper
  PUBLIC "-//mybatis.org//DTD Mapper 3.0//EN"
  "http://mybatis.org/dtd/mybatis-3-mapper.dtd">
<mapper namespace="com.sbs.kys.at.dao.MemberDao">
	<insert id="join" parameterType="map" useGeneratedKeys="true"
		keyProperty="id">
		INSERT INTO member
		SET regDate = NOW(),
		name = #{name},
		loginId = #{loginId},
		loginPw = #{loginPwReal},
		nickname = #{nickname},
		email = #{email}
	</insert>
	<select id="isJoinableLoginId" resultType="int">
		SELECT COUNT(*)
		FROM
		`member`
		WHERE loginId = #{loginId}
	</select>
	<select id="isJoinableNickname" resultType="int">
		SELECT COUNT(*)
		FROM
		`member`
		WHERE nickname = #{nickname}
	</select>
	<select id="isJoinableEmail" resultType="int">
		SELECT COUNT(*)
		FROM
		`member`
		WHERE email = #{email}
	</select>

	<select id="getMatchedOne" resultType="member">
		SELECT *
		FROM `member`
		WHERE loginId = #{loginId}
		AND loginPw = #{loginPw}
	</select>
</mapper>