<?xml version="1.0" encoding="UTF-8" ?>
<!DOCTYPE mapper
  PUBLIC "-//mybatis.org//DTD Mapper 3.0//EN"
  "http://mybatis.org/dtd/mybatis-3-mapper.dtd">
<mapper namespace="com.sbs.kys.at.dao.ArticleDao">
	<select id="getForPrintArticles" resultType="Article">
		SELECT *
		FROM article
		WHERE displayStatus = 1
		ORDER BY id DESC
		LIMIT ${limitFrom},
		${itemsInAPage}
	</select>
	<select id="getArticleReplies" resultMap="articleReply">
		SELECT A.*, M.nickname
		AS extra__writer
		FROM ArticleReply AS A
		LEFT JOIN `member` AS M
		ON
		A.memberId = M.id
		WHERE A.delStatus = 0
		AND A.articleId = #{id}
		AND A.id >= #{from}
		ORDER BY A.id
		DESC
	</select>
	<insert id="doReplyWrite" parameterType="map"
		useGeneratedKeys="true" keyProperty="id">
		INSERT INTO articleReply
		SET
		regDate = NOW(),
		body = #{body},
		articleId = #{articleId},
		memberId =
		#{memberId}
	</insert>
	
	<select id="getForSearchPrintArticles" resultType="Article">
		SELECT *
		FROM
		article
		WHERE displayStatus = 1
		AND ${searchKeywordType} LIKE
		CONCAT('%', ${searchKeyword}, '%')
		ORDER BY id DESC
		LIMIT ${limitFrom},
		${itemsInAPage}
	</select>
	<select id="getArticleById" resultType="Article">
		SELECT *
		FROM article
		WHERE displayStatus = 1
		AND id = #{id}
	</select>
	<select id="getArticleByNextId" resultType="Article">
		SELECT *
		FROM article
		WHERE displayStatus = 1
		AND id <![CDATA[>]]>
		#{id}
		ORDER BY id ASC LIMIT 1
	</select>
	<select id="getArticleByPrevId" resultType="Article">
		SELECT *
		FROM article
		WHERE displayStatus = 1
		AND id <![CDATA[<]]>
		#{id}
		ORDER BY id DESC LIMIT 1
	</select>
	<insert id="doWrite" parameterType="map" useGeneratedKeys="true"
		keyProperty="id">
		INSERT INTO article
		SET regDate = NOW(),
		hit = 0,
		displayStatus = 1,
		title = #{title},
		body =
		#{body}
	</insert>
	<update id="modify" parameterType="map">
		UPDATE article
		SET title =
		#{title},
		updateDate = NOW(),
		body = #{body}
		WHERE id = #{id}
	</update>
	<update id="delete" parameterType="long">
		UPDATE article
		SET delDate =
		NOW(),
		delStatus = 1,
		displayStatus = 0
		WHERE id = #{id}
	</update>
	<update id="doReplyModify" parameterType="map">
		UPDATE articleReply
		SET updateDate =
		NOW(),
		body = #{body}
		WHERE id = #{id}
	</update>
	<update id="hitUp" parameterType="int">
		UPDATE article
		SET hit = hit + 1
		WHERE id = #{id}
	</update>
	<select id="getTotalCount" parameterType="map" resultType="int">
		SELECT COUNT(*)
		FROM article
		WHERE displayStatus = 1
	</select>
	<select id="getTotalSearchCount" parameterType="map"
		resultType="int">
		SELECT COUNT(*)
		FROM article
		WHERE displayStatus = 1
		AND
		${searchKeywordType} LIKE
		CONCAT('%', ${searchKeyword}, '%')
	</select>

	<resultMap type="ArticleReply" id="articleReply">
		<id property="id" column="id" />
		<id property="regDate" column="regDate" />
		<id property="updateDate" column="updateDate" />
		<id property="body" column="body" />
		<id property="memberId" column="memberId" />
		<id property="articleId" column="articleId" />
		<association property="extra" javaType="map">
			<id property="writer" column="extra__writer" />
		</association>
	</resultMap>
</mapper>
